,user_id,label
241,4a645cbfd25b64d34f738808634cdbb8,0
947,ff06947bbd085ec23b1cfa801e8ed972,1
436,7daf839429645c9e32dfb345719273ed,0
386,6a93cb8cf1ff4234508a40e9510962bd,0
345,649d38ea6680a3f6ee4a4b734f721a80,1
311,5cad427fb6e68da9e87d07900d6de244,1
870,ecad23449871b9851b3730d0b3a6e09a,1
267,55083e0137c0a9c7a82afecab626a4fe,1
35,0fbe7aa8ad7a347abb574855700027fc,1
78,1639c6af06002826cf8817e09404b60e,1
602,a86217dc9fc6e34f29bbbcc62973cafa,0
347,649d38ea6680a3f6ee4a4b734f77cab2,1
191,3a2679f650632d8bba988f75e7227ab8,0
104,1d6bbc303a2c6584d56322b8cee434e9,0
871,ecb21dba1f28e2b8ae7a46aed2491d8d,1
686,be2d7041cb5bae52cf3edaaf03798426,1
101,1c6b5d467e8159465ccdbb61291ebcbf,1
786,d856970920d18c55090f8edd9c3a3d4c,0
643,b713292f0ba59fd6af34ff18b81ccace,1
94,1b2c14cb5a384e0d296d436f4f91648e,0
228,478419e53317b50cbf9af6b2e35f28a0,1
388,6a93cb8cf1ff4234508a40e9510d5216,1
546,9cfcb63cf9bc63b557eeddf259813c60,1
90,1a63261ffd08f9542093a658c0065ed8,0
457,851e424ed81e136e7e8c4b9ab0a4ceb9,0
678,bdd3355a583c9a820c85d9046998f718,1
248,4c37542f88f6bc6fb2465a93be20ac81,0
370,68fe4d0ad82cc2d715d1319533371c43,1
34,0f0ffd9676b4aa664f8b88b76ccba2c0,1
570,a479cdd4f9c8127e0f521fdf5d7ad15e,0
366,68fe4d0ad82cc2d715d131953336d717,0
238,49fada0a30b7d9596bf8a4ccabff5844,1
41,1083bcecf6e3df9df65525ec3a680e97,1
371,68fe4d0ad82cc2d715d1319533379c68,1
17,0756e1a1be3313a1a223bc6eb8480ff9,0
435,7d696ae0f1d27b6b752121cffbd3904e,1
306,5b0867dfbb1a35be6e0e3586efa96d68,1
487,8998bb370b5f0cec43a373adebba0c72,0
233,4933dfc3aa43418031d095968b6e373b,1
658,b875f848f92eef35865330ed25b9fd50,1
932,fb0d4b4909399b00f448f4c25c7ad595,1
935,fc308d768d77788c726b74fd5e4ae51c,1
207,3d68e1172f35c1fbd06db5a1bc13b262,1
339,649d38ea6680a3f6ee4a4b734f508d9d,1
189,39ec1ffa2e126b1691f97fef3e3c4d39,1
673,bb24cdc37671db342373b97141467174,1
298,59a766bd488db1053eeba5a3aea922df,0
705,c21605b791b47423867a99d06f871222,1
309,5c29c9fc029e7f72a2ceb8012e3b8eb4,1
512,8ed36e0e9dbf62743c06c09e5f7c4b41,1
119,22887d92599776d176c1a7caa1dc7245,1
159,2f1882c87731970df63e69d4bc1f0b52,1
940,fd3831b43f038c9ee0e840c18baa5793,0
433,7d3c2e2ccb10710c9877b709b81c208b,1
429,7d1f317a98447453092aa1301eb528ef,1
649,b7dea45c3cc92b9efd5a4905e67f4511,0
910,f78d50ea4f0c83a4a302d9fa8220c654,0
853,e79a8cbc68660e66be0be925d4ff42a6,1
594,a7222df9a2d53b3b271c96f2b77c283c,1
741,cef1ce7ac2dc6100d86fede386db7fed,1
690,c018a9209a2d912f820dc82db608b770,1
622,ae06c34243f741e203e97c48eb62c195,0
6,0234eb5f7e99d581c72052f0a869293a,1
798,dc754d210f90403672339e986b8805dd,0
877,ef1e90a3b3fd595da4162aac95c32ddc,1
860,e993ae42231a7ecafc3febb19ce411dc,1
453,82a0c2c11dd794701e99e0e647e5d555,1
389,6ae01829846e77947ae651b38ad77492,1
304,5a45f5baed4153c8631965bd1bd80277,1
604,a8c74399632ec313e9e79e1a3051c728,1
194,3a9ca0965227dc470f30145e41ede8db,0
641,b68895736389f2949faa8c73555e86e5,1
799,dc7dea8e8925d870ca8823a44ebf1996,0
895,f3dce601622545507e0de21c0f5c49cc,1
482,8842ece0c6fb65eb4499f76c51cea1b7,1
884,f078bcc5eb2ab85b4cf8dbfcd723e13a,1
918,f84c35d4d31654b733af0657b0636f55,0
148,2c93d1025a44e57c20bdc2219c0e2016,0
938,fcd227e0f32f6f3a6d0d4d8de1a2d627,1
59,139c353f1b54511df60e64ab8e62eee3,1
915,f84c35d4d31654b733af0657b05ec539,1
951,ff1cb10b9edf79369742a37ce5d8d6f6,1
654,b7deb04258149326f8fe126a0708b55a,1
372,68fe4d0ad82cc2d715d1319533380c76,1
154,2e51db3a8a77aa594aa686ff19fe3a61,1
851,e79a8cbc68660e66be0be925d49e921e,1
3,0194b4a5c9e41bfd35f9168423f7b7b4,1
674,bc9eb002523cb81be59585b6936fb351,1
581,a553c46e3a22fb9c326aeb3d72b01bb9,1
543,9cb0ce4ebefaba511db0badba05ad866,0
664,baacf396f773709519bbde35a587f7f4,0
780,d69674eb058aac145b2404c45d39a7d5,1
885,f078bcc5eb2ab85b4cf8dbfcd727ba1f,1
242,4a645cbfd25b64d34f738808634dcb26,1
525,949be0368739d589fed232ad8872ceac,1
117,21e419d489fcb15878a1ca05f800abd4,1
638,b4a971d85b101c5a8f5f82f50cd40f7e,1
286,583949a89a9ee17d19e3ca4f13801b4a,1
697,c127041483aa67ee4525d94d187175dc,0
2,00cb8ad6a0f7214d002e3ded6b7eb91b,1
760,d20d36802cc7944b4db14ba1698bc78b,0
65,140372ffae5fba565a70338348e64cc0,1
730,cb6ea169cefc7a0a5f1f8bd8ebbe3223,1
551,a0802d118d245132c4f569f78bb0b4f5,1
644,b713292f0ba59fd6af34ff18b81ce8d5,1
496,8ba4a81c021a667d4bf75dd45d45262f,1
274,563043c37377e8143f746ec00cb8101b,0
531,96acbfbef7034b4ff82c5989bbe1bae6,1
314,5d3f4707b95580ea79778ab1c3eded3a,1
787,d856970920d18c55090f8edd9cbdf8db,1
142,2894d770d508897b1e067c5834da8d57,1
727,ca5f041e0b807120714a6e46163669a4,1
739,ceef5546f1c3ab17cedfc7b081d0d2a8,0
474,86aa09456b63a2a25e0097c552267442,1
13,056e782066df516f734d0bbc2465ba2b,1
120,235d1e4ff71f792b0c30f6201c7750ba,1
73,157dbc9cfa6656e3b5e6bce5dca9bb2e,1
412,761a1b1e8e4103f2ac5a42556494ac25,1
349,650f4aa44a581c90f7dd76ec82a7e87b,0
747,cf3a94138caddceb3209e4723638ef6f,0
636,b37083ee004fed8ad304c7606d591734,1
111,1f045a6f9a422abfdcf50e5d06990044,1
464,85b7eabcf5d84e42dc7629b7d2f4f971,1
953,ff5c924e0b630fd7c019a42340593ee2,1
175,35e9968bb54e4382c317cdc069854392,1
430,7d1f317a98447453092aa1301eb6d0d3,0
826,e0c757a398aa74e8b707239ebd2614da,1
250,4d099d2850587a481735551982f0fdf1,1
262,5060ebbf9acef4e4e616e575a3e0108c,1
812,dd91e131888064bf7df3ce08f3d8083a,1
764,d4b053b8d4a79eded38ec2d0b7fbf8b5,1
559,a142ea0ecdc8a0f61ef28bd089a4a738,1
8,0234eb5f7e99d581c72052f0a86bdd4a,0
527,95d99d0ddfe26fb80887f15fa9996045,1
56,124dc2dbc4f79130bfa0b93577a84a53,1
941,fd3831b43f038c9ee0e840c18bc56ea0,1
426,7abecd4f47c2c1d5390d86eb22181c90,0
331,62bacdc109d50cf487417da5aa9ed612,1
84,17144ff2ae1210398f5c8327af5b334f,1
852,e79a8cbc68660e66be0be925d49f3218,1
186,395e6cdaabe3fe67d81014e862f16613,1
125,23be2836bd1f20bf05c9ffa3aa70ac6e,1
255,4f4e62f5344c1b91fb0c7f28efe26cf9,1
434,7d696ae0f1d27b6b752121cffb6f996c,1
733,cd0fdff68d64de7366381071f4d4a67a,1
797,dc7020d0a4c443d66a602611d1f8c17a,1
759,d1889185cdea77377292bd714dc4a0df,0
363,68fe4d0ad82cc2d715d131953312744d,0
81,16c444e2173ffd1a0de394eabba2177e,1
201,3bf29409837105b97d95480140975e85,1
552,a08c8fde8f3bb17ddad8dd8da3351590,1
415,784a730957c6e05508e71c604ac0e40b,0
720,c9d489ec975d21e098f1f13e26bbe6d7,1
650,b7dea45c3cc92b9efd5a4905e69dde99,1
258,4fe9f4a6c3f60759ef37f76e9ad7728e,1
50,1199f830a03cd75df5e7a7cc7ccca51a,1
195,3abce16ea601affbeae8f50584ccc2c7,1
463,85a5e7c05506fa2e6ec863f6fef80462,1
637,b44159c128d31f55629260b6716b58f7,0
350,659fcfb728615b0996641d0399df43c5,0
340,649d38ea6680a3f6ee4a4b734f534fe2,0
504,8d7a255716cbbbbf448c696c69386f79,1
449,81909d34a4420a253a42ce5cdc5b4296,1
448,81909d34a4420a253a42ce5cdc524a2e,1
788,d8cdfb21982ddce4e217ba50044c2099,1
200,3bf29409837105b97d9548014094805b,1
635,b2560336783a1fdf0af65f9c36e8529a,0
897,f44686910c52e684916ae1229858896c,1
395,6f227c1c392ee8c8a8ffe23b71ec8a52,1
560,a142ea0ecdc8a0f61ef28bd089a61603,1
640,b66c43e298753a3d39220e53008957fa,1
661,b978183185cdbdb3e065562510a368c3,0
180,36c09cf37ce9cd241ffd160d17d243c9,0
318,5de3492f80519c01914d7d7407d9519c,1
929,fb0d4b4909399b00f448f4c25c393726,1
493,8a122c8845dc5eebe7d584eb3042b8c8,1
47,1148d03f8b2a30203b4b2823226d3594,0
479,883360491194dd3b866c897b2587d174,0
607,ab18720449f8150a13f31a7a95e08685,1
19,08f1e87b921a385bea97435875d2bc18,1
612,abb8a5727fb8c8fae10cd1b24ed395fe,1
746,cf3a94138caddceb3209e4723637cefb,0
244,4ae23a4a4c9817cff694a0abc92a8d03,1
437,7e42278dac68e36c0cf829e1d8d474c9,1
785,d7b4f64833fdc9f6cebfc49e76fdb0bd,1
216,410389a59b3c36fa86e76bce43d9a336,1
791,d981b3affa98395801440942ee8c2678,1
177,35e9968bb54e4382c317cdc069a6e299,1
605,a92faa0a8fe8d690b29dcaac2d70656a,1
60,13cd660fbea6e3b6221aa0fc6fcb8f58,0
268,55a921582f7b88ef61a3d8e24f3eacb4,0
783,d6d916f7489aba2e893781969dded88c,0
